<?xml version="1.0" encoding="utf-8"?>
<ConstraintsData xmlns:xsi="http://www.w3.org/2001/XMLSchema-instance" xmlns:xsd="http://www.w3.org/2001/XMLSchema">
  <FlattenedNetName2ConstraintNetId>
    <FlattenedNetName2ConstraintNetIdEntry FlattenedNetName="GND" ConstraintNetId="3b77f39e-d844-4ffd-b347-0d9bc9f9b3b2" />
    <FlattenedNetName2ConstraintNetIdEntry FlattenedNetName="NetAlimentacion_1" ConstraintNetId="417a187d-94fc-4aef-8fec-e8fe23986d5c" />
    <FlattenedNetName2ConstraintNetIdEntry FlattenedNetName="NetAlimentacion_3" ConstraintNetId="1256bf4e-4e34-4a81-aeb5-ae5e67a50bfe" />
    <FlattenedNetName2ConstraintNetIdEntry FlattenedNetName="NetAlimentacion_5" ConstraintNetId="28e35c9f-b333-4ddc-a464-2f39dc3ae4fa" />
    <FlattenedNetName2ConstraintNetIdEntry FlattenedNetName="VDD10" ConstraintNetId="819e2918-781e-42eb-bd88-280ed7beec16" />
    <FlattenedNetName2ConstraintNetIdEntry FlattenedNetName="VDD18" ConstraintNetId="2a3997e2-8fe4-47c6-bf14-1b5691e304c6" />
    <FlattenedNetName2ConstraintNetIdEntry FlattenedNetName="Vin" ConstraintNetId="9a05644a-2c81-4057-8eb4-df0b1ac67f8a" />
    <FlattenedNetName2ConstraintNetIdEntry FlattenedNetName="VDD30" ConstraintNetId="ca27729c-a3ae-49ee-991e-b865bfc57fb7" />
  </FlattenedNetName2ConstraintNetId>
  <CNets>
    <CNet Id="3b77f39e-d844-4ffd-b347-0d9bc9f9b3b2">
      <Constraints />
      <ConstraintsEx />
      <ConstraintSets />
      <ConstraintNodes />
    </CNet>
    <CNet Id="417a187d-94fc-4aef-8fec-e8fe23986d5c">
      <Constraints />
      <ConstraintsEx />
      <ConstraintSets />
      <ConstraintNodes />
    </CNet>
    <CNet Id="1256bf4e-4e34-4a81-aeb5-ae5e67a50bfe">
      <Constraints />
      <ConstraintsEx />
      <ConstraintSets />
      <ConstraintNodes />
    </CNet>
    <CNet Id="28e35c9f-b333-4ddc-a464-2f39dc3ae4fa">
      <Constraints />
      <ConstraintsEx />
      <ConstraintSets />
      <ConstraintNodes />
    </CNet>
    <CNet Id="819e2918-781e-42eb-bd88-280ed7beec16">
      <Constraints />
      <ConstraintsEx />
      <ConstraintSets />
      <ConstraintNodes />
    </CNet>
    <CNet Id="2a3997e2-8fe4-47c6-bf14-1b5691e304c6">
      <Constraints />
      <ConstraintsEx />
      <ConstraintSets />
      <ConstraintNodes />
    </CNet>
    <CNet Id="9a05644a-2c81-4057-8eb4-df0b1ac67f8a">
      <Constraints />
      <ConstraintsEx />
      <ConstraintSets />
      <ConstraintNodes />
    </CNet>
    <CNet Id="ca27729c-a3ae-49ee-991e-b865bfc57fb7">
      <Constraints />
      <ConstraintsEx />
      <ConstraintSets />
      <ConstraintNodes />
    </CNet>
  </CNets>
  <CNetClasses>
    <CNetClass Id="db4d0e0c-539d-417a-b0e4-9156a0c342b7" Name="All Nets" IsPredefined="true" Domain="2">
      <Constraints>
        <Constraint Id="0acaaf94-6e0d-401c-968d-a12eb6a87dff" Kind="2" Name="Schematic Width Constraint" Comment="" Description="Width Constraint [Pref Width = 10mil    Min Width = 10mil    Max Width = 15mil]" Scope1="All" Scope2="All" Attributes="NETSCOPE=AnyNet|LAYERKIND=SameLayer|MAXLIMIT=15mil|MINLIMIT=10mil|PREFEREDWIDTH=10mil|MIDLAYER1_MAXWIDTH=10mil|MIDLAYER2_MAXWIDTH=10mil|MIDLAYER3_MAXWIDTH=10mil|MIDLAYER4_MAXWIDTH=10mil|MIDLAYER5_MAXWIDTH=10mil|MIDLAYER6_MAXWIDTH=10mil|MIDLAYER7_MAXWIDTH=10mil|MIDLAYER8_MAXWIDTH=10mil|MIDLAYER9_MAXWIDTH=10mil|MIDLAYER10_MAXWIDTH=10mil|MIDLAYER11_MAXWIDTH=10mil|MIDLAYER12_MAXWIDTH=10mil|MIDLAYER13_MAXWIDTH=10mil|MIDLAYER14_MAXWIDTH=10mil|MIDLAYER15_MAXWIDTH=10mil|MIDLAYER16_MAXWIDTH=10mil|MIDLAYER17_MAXWIDTH=10mil|MIDLAYER18_MAXWIDTH=10mil|MIDLAYER19_MAXWIDTH=10mil|MIDLAYER20_MAXWIDTH=10mil|MIDLAYER21_MAXWIDTH=10mil|MIDLAYER22_MAXWIDTH=10mil|MIDLAYER23_MAXWIDTH=10mil|MIDLAYER24_MAXWIDTH=10mil|MIDLAYER25_MAXWIDTH=10mil|MIDLAYER26_MAXWIDTH=10mil|MIDLAYER27_MAXWIDTH=10mil|MIDLAYER28_MAXWIDTH=10mil|MIDLAYER29_MAXWIDTH=10mil|MIDLAYER30_MAXWIDTH=10mil|MINIMP=50.000000|MAXIMP=50.000000|FAVIMP=50.000000|DOC=ProyectoIntegrador.PcbDoc" />
        <Constraint Id="71f1dd15-9de6-4154-9893-d2e3340da728" Kind="7" Name="Schematic Routing Topology" Comment="" Description="Routing Topology [Topology - Shortest]" Scope1="All" Scope2="All" Attributes="NETSCOPE=AnyNet|LAYERKIND=SameLayer|TOPOLOGY=Shortest" />
        <Constraint Id="afae026b-7566-4b32-ab62-7f2d04743fec" Kind="9" Name="Schematic Routing Layers" Comment="" Description="Routing Layers [TopLayer - Enabled BottomLayer - Enabled ]" Scope1="All" Scope2="All" Attributes="NETSCOPE=AnyNet|LAYERKIND=SameLayer|TOP LAYER_V5=TRUE|MID LAYER 1_V5=TRUE|MID LAYER 2_V5=TRUE|MID LAYER 3_V5=TRUE|MID LAYER 4_V5=TRUE|MID LAYER 5_V5=TRUE|MID LAYER 6_V5=TRUE|MID LAYER 7_V5=TRUE|MID LAYER 8_V5=TRUE|MID LAYER 9_V5=TRUE|MID LAYER 10_V5=TRUE|MID LAYER 11_V5=TRUE|MID LAYER 12_V5=TRUE|MID LAYER 13_V5=TRUE|MID LAYER 14_V5=TRUE|MID LAYER 15_V5=TRUE|MID LAYER 16_V5=TRUE|MID LAYER 17_V5=TRUE|MID LAYER 18_V5=TRUE|MID LAYER 19_V5=TRUE|MID LAYER 20_V5=TRUE|MID LAYER 21_V5=TRUE|MID LAYER 22_V5=TRUE|MID LAYER 23_V5=TRUE|MID LAYER 24_V5=TRUE|MID LAYER 25_V5=TRUE|MID LAYER 26_V5=TRUE|MID LAYER 27_V5=TRUE|MID LAYER 28_V5=TRUE|MID LAYER 29_V5=TRUE|MID LAYER 30_V5=TRUE|BOTTOM LAYER_V5=TRUE" />
        <Constraint Id="dfadcecc-af28-453f-b47d-b994a60ef660" Kind="11" Name="Schematic Routing Via Style" Comment="" Description="Routing Via Style [Pref Size = 40mil    Pref Hole Size = 30mil]" Scope1="All" Scope2="All" Attributes="NETSCOPE=AnyNet|LAYERKIND=SameLayer|HOLEWIDTH=30mil|WIDTH=40mil|VIASTYLE=Through Hole|MINHOLEWIDTH=30mil|MINWIDTH=40mil|MAXHOLEWIDTH=30mil|MAXWIDTH=40mil" />
        <Constraint Id="e310676a-a6d6-4ed2-a68b-77eb6ac2e8e6" Kind="20" Name="Schematic Polygon Connect Style" Comment="" Description="Polygon Connect Style [Style - Relief Connect    Width = 10mil    Angle = 90    # Entries = 4    Air Gap = 10mil    ]" Scope1="All" Scope2="All" Attributes="NETSCOPE=AnyNet|LAYERKIND=SameLayer|CONNECTSTYLE=Relief|RELIEFCONDUCTORWIDTH=10mil|RELIEFENTRIES=4|POLYGONRELIEFANGLE=90 Angle|AIRGAPWIDTH=10mil" />
        <Constraint Id="41e3dbca-7bca-41ac-97cc-e1393df7d4b4" Kind="51" Name="Schematic Differential Pairs Routing" Comment="" Description="Differential Pairs Routing [Pref Gap = 10mil    Min Gap  = 10mil    Max Gap  = 10milPref Width = 15mil    Min Width  = 15mil    Max Width  = 15mil]" Scope1="All" Scope2="All" Attributes="NETSCOPE=AnyNet|LAYERKIND=SameLayer|MAXLIMIT=10mil|MINLIMIT=10mil|MOSTFREQGAP=10mil|TOPLAYER_MINWIDTH=15mil|TOPLAYER_MAXWIDTH=15mil|TOPLAYER_PREFWIDTH=15mil|MIDLAYER1_MINWIDTH=15mil|MIDLAYER1_MAXWIDTH=15mil|MIDLAYER1_PREFWIDTH=15mil|MIDLAYER2_MINWIDTH=15mil|MIDLAYER2_MAXWIDTH=15mil|MIDLAYER2_PREFWIDTH=15mil|MIDLAYER3_MINWIDTH=15mil|MIDLAYER3_MAXWIDTH=15mil|MIDLAYER3_PREFWIDTH=15mil|MIDLAYER4_MINWIDTH=15mil|MIDLAYER4_MAXWIDTH=15mil|MIDLAYER4_PREFWIDTH=15mil|MIDLAYER5_MINWIDTH=15mil|MIDLAYER5_MAXWIDTH=15mil|MIDLAYER5_PREFWIDTH=15mil|MIDLAYER6_MINWIDTH=15mil|MIDLAYER6_MAXWIDTH=15mil|MIDLAYER6_PREFWIDTH=15mil|MIDLAYER7_MINWIDTH=15mil|MIDLAYER7_MAXWIDTH=15mil|MIDLAYER7_PREFWIDTH=15mil|MIDLAYER8_MINWIDTH=15mil|MIDLAYER8_MAXWIDTH=15mil|MIDLAYER8_PREFWIDTH=15mil|MIDLAYER9_MINWIDTH=15mil|MIDLAYER9_MAXWIDTH=15mil|MIDLAYER9_PREFWIDTH=15mil|MIDLAYER10_MINWIDTH=15mil|MIDLAYER10_MAXWIDTH=15mil|MIDLAYER10_PREFWIDTH=15mil|MIDLAYER11_MINWIDTH=15mil|MIDLAYER11_MAXWIDTH=15mil|MIDLAYER11_PREFWIDTH=15mil|MIDLAYER12_MINWIDTH=15mil|MIDLAYER12_MAXWIDTH=15mil|MIDLAYER12_PREFWIDTH=15mil|MIDLAYER13_MINWIDTH=15mil|MIDLAYER13_MAXWIDTH=15mil|MIDLAYER13_PREFWIDTH=15mil|MIDLAYER14_MINWIDTH=15mil|MIDLAYER14_MAXWIDTH=15mil|MIDLAYER14_PREFWIDTH=15mil|MIDLAYER15_MINWIDTH=15mil|MIDLAYER15_MAXWIDTH=15mil|MIDLAYER15_PREFWIDTH=15mil|MIDLAYER16_MINWIDTH=15mil|MIDLAYER16_MAXWIDTH=15mil|MIDLAYER16_PREFWIDTH=15mil|MIDLAYER17_MINWIDTH=15mil|MIDLAYER17_MAXWIDTH=15mil|MIDLAYER17_PREFWIDTH=15mil|MIDLAYER18_MINWIDTH=15mil|MIDLAYER18_MAXWIDTH=15mil|MIDLAYER18_PREFWIDTH=15mil|MIDLAYER19_MINWIDTH=15mil|MIDLAYER19_MAXWIDTH=15mil|MIDLAYER19_PREFWIDTH=15mil|MIDLAYER20_MINWIDTH=15mil|MIDLAYER20_MAXWIDTH=15mil|MIDLAYER20_PREFWIDTH=15mil|MIDLAYER21_MINWIDTH=15mil|MIDLAYER21_MAXWIDTH=15mil|MIDLAYER21_PREFWIDTH=15mil|MIDLAYER22_MINWIDTH=15mil|MIDLAYER22_MAXWIDTH=15mil|MIDLAYER22_PREFWIDTH=15mil|MIDLAYER23_MINWIDTH=15mil|MIDLAYER23_MAXWIDTH=15mil|MIDLAYER23_PREFWIDTH=15mil|MIDLAYER24_MINWIDTH=15mil|MIDLAYER24_MAXWIDTH=15mil|MIDLAYER24_PREFWIDTH=15mil|MIDLAYER25_MINWIDTH=15mil|MIDLAYER25_MAXWIDTH=15mil|MIDLAYER25_PREFWIDTH=15mil|MIDLAYER26_MINWIDTH=15mil|MIDLAYER26_MAXWIDTH=15mil|MIDLAYER26_PREFWIDTH=15mil|MIDLAYER27_MINWIDTH=15mil|MIDLAYER27_MAXWIDTH=15mil|MIDLAYER27_PREFWIDTH=15mil|MIDLAYER28_MINWIDTH=15mil|MIDLAYER28_MAXWIDTH=15mil|MIDLAYER28_PREFWIDTH=15mil|MIDLAYER29_MINWIDTH=15mil|MIDLAYER29_MAXWIDTH=15mil|MIDLAYER29_PREFWIDTH=15mil|MIDLAYER30_MINWIDTH=15mil|MIDLAYER30_MAXWIDTH=15mil|MIDLAYER30_PREFWIDTH=15mil|BOTTOMLAYER_MINWIDTH=15mil|BOTTOMLAYER_MAXWIDTH=15mil|BOTTOMLAYER_PREFWIDTH=15mil|MAXUNCOUPLEDLENGTH=500mil" />
      </Constraints>
      <ConstraintsEx />
      <ConstraintSets />
      <CNets />
      <ObservedDirectiveParamsUniqueIds />
    </CNetClass>
    <CNetClass Id="f78a816d-c763-44cc-9ab0-165be5f2cb38" Name="Alimentacion" IsPredefined="false" Domain="2">
      <Constraints>
        <Constraint Id="ab04f3ae-40e8-457c-b333-053c73d2d283" Kind="2" Name="Schematic Width Constraint" Comment="" Description="Width Constraint [Pref Width = 15mil    Min Width = 10mil    Max Width = 15mil]" Scope1="InNetClass('Alimentacion')" Scope2="All" Attributes="NETSCOPE=AnyNet|LAYERKIND=SameLayer|MAXLIMIT=15mil|MINLIMIT=10mil|PREFEREDWIDTH=15mil|MIDLAYER1_MAXWIDTH=10mil|MIDLAYER1_PREFWIDTH=10mil|MIDLAYER2_MAXWIDTH=10mil|MIDLAYER2_PREFWIDTH=10mil|MIDLAYER3_MAXWIDTH=10mil|MIDLAYER3_PREFWIDTH=10mil|MIDLAYER4_MAXWIDTH=10mil|MIDLAYER4_PREFWIDTH=10mil|MIDLAYER5_MAXWIDTH=10mil|MIDLAYER5_PREFWIDTH=10mil|MIDLAYER6_MAXWIDTH=10mil|MIDLAYER6_PREFWIDTH=10mil|MIDLAYER7_MAXWIDTH=10mil|MIDLAYER7_PREFWIDTH=10mil|MIDLAYER8_MAXWIDTH=10mil|MIDLAYER8_PREFWIDTH=10mil|MIDLAYER9_MAXWIDTH=10mil|MIDLAYER9_PREFWIDTH=10mil|MIDLAYER10_MAXWIDTH=10mil|MIDLAYER10_PREFWIDTH=10mil|MIDLAYER11_MAXWIDTH=10mil|MIDLAYER11_PREFWIDTH=10mil|MIDLAYER12_MAXWIDTH=10mil|MIDLAYER12_PREFWIDTH=10mil|MIDLAYER13_MAXWIDTH=10mil|MIDLAYER13_PREFWIDTH=10mil|MIDLAYER14_MAXWIDTH=10mil|MIDLAYER14_PREFWIDTH=10mil|MIDLAYER15_MAXWIDTH=10mil|MIDLAYER15_PREFWIDTH=10mil|MIDLAYER16_MAXWIDTH=10mil|MIDLAYER16_PREFWIDTH=10mil|MIDLAYER17_MAXWIDTH=10mil|MIDLAYER17_PREFWIDTH=10mil|MIDLAYER18_MAXWIDTH=10mil|MIDLAYER18_PREFWIDTH=10mil|MIDLAYER19_MAXWIDTH=10mil|MIDLAYER19_PREFWIDTH=10mil|MIDLAYER20_MAXWIDTH=10mil|MIDLAYER20_PREFWIDTH=10mil|MIDLAYER21_MAXWIDTH=10mil|MIDLAYER21_PREFWIDTH=10mil|MIDLAYER22_MAXWIDTH=10mil|MIDLAYER22_PREFWIDTH=10mil|MIDLAYER23_MAXWIDTH=10mil|MIDLAYER23_PREFWIDTH=10mil|MIDLAYER24_MAXWIDTH=10mil|MIDLAYER24_PREFWIDTH=10mil|MIDLAYER25_MAXWIDTH=10mil|MIDLAYER25_PREFWIDTH=10mil|MIDLAYER26_MAXWIDTH=10mil|MIDLAYER26_PREFWIDTH=10mil|MIDLAYER27_MAXWIDTH=10mil|MIDLAYER27_PREFWIDTH=10mil|MIDLAYER28_MAXWIDTH=10mil|MIDLAYER28_PREFWIDTH=10mil|MIDLAYER29_MAXWIDTH=10mil|MIDLAYER29_PREFWIDTH=10mil|MIDLAYER30_MAXWIDTH=10mil|MIDLAYER30_PREFWIDTH=10mil|MINIMP=50.000000|MAXIMP=50.000000|FAVIMP=50.000000" />
      </Constraints>
      <ConstraintsEx />
      <ConstraintSets />
      <CNets>
        <CNet Id="417a187d-94fc-4aef-8fec-e8fe23986d5c" />
        <CNet Id="1256bf4e-4e34-4a81-aeb5-ae5e67a50bfe" />
        <CNet Id="28e35c9f-b333-4ddc-a464-2f39dc3ae4fa" />
        <CNet Id="819e2918-781e-42eb-bd88-280ed7beec16" />
        <CNet Id="2a3997e2-8fe4-47c6-bf14-1b5691e304c6" />
        <CNet Id="9a05644a-2c81-4057-8eb4-df0b1ac67f8a" />
      </CNets>
      <ObservedDirectiveParamsUniqueIds />
    </CNetClass>
  </CNetClasses>
  <CDifferentialPairs />
  <CDifferentialPairClasses>
    <CDifferentialPairClass Id="2ebe9e2f-325b-4185-bbe3-5e26de2180ab" Name="All Differential Pairs" IsPredefined="true">
      <Constraints />
      <ConstraintsEx />
      <ConstraintSets />
      <CDifferentialPairs />
      <ObservedDirectiveParamsUniqueIds />
    </CDifferentialPairClass>
  </CDifferentialPairClasses>
  <CPinPairs />
  <CxSigClasses />
  <CxNets />
  <CXNetClasses>
    <CXNetClass Id="f020f81a-80bc-4d55-bd4f-1c09cb403489" Name="All xNets" IsPredefined="true">
      <Constraints />
      <ConstraintsEx />
      <ConstraintSets />
      <CXNets />
    </CXNetClass>
  </CXNetClasses>
  <ConstraintClearancesMatrix>
    <CCMFromScopes>
      <CCMFromScope Id="f57cb758-5a6f-42cf-9446-7b6f0468fc08">
        <ConstraintObject Id="00000000-0000-0000-0000-000000000000" />
        <CCMToScopes>
          <CCMToScope Id="5297546f-3a27-4d2f-adaa-f6f906cb14b4" SetId="00000000-0000-0000-0000-000000000000">
            <ConstraintObject Id="00000000-0000-0000-0000-000000000000" />
            <DefaultConstraintClearancesMatrixConstraint Id="00000000-0000-0000-0000-000000000000" Kind="0" Comment="" Description="" Attributes="" LayerType="0" LayerId="0" />
            <CCMConstraints>
              <CCMConstraint Id="859e7235-86c4-48b7-8153-a2d30a818d3e" Kind="0" Name="ClearanceClearance_1_1" Comment="" Description="Clearance Constraint [Generic clearance = 8mil, and 19 value(s) for objects]" Scope1="All" Scope2="All" Attributes="NETSCOPE=DifferentNets|LAYERKIND=SameLayer|GAP=8mil|GENERICCLEARANCE=8mil|IGNOREPADTOPADCLEARANCEINFOOTPRINT=FALSE|OBJECTCLEARANCES=ClearanceObj_Arc-ClearanceObj_SMDPad:0;ClearanceObj_Arc-ClearanceObj_THPad:0;ClearanceObj_Track-ClearanceObj_SMDPad:0;ClearanceObj_Track-ClearanceObj_THPad:0;ClearanceObj_SMDPad-ClearanceObj_SMDPad:0;ClearanceObj_SMDPad-ClearanceObj_THPad:0;ClearanceObj_SMDPad-ClearanceObj_Via:0;ClearanceObj_SMDPad-ClearanceObj_Fill:0;ClearanceObj_SMDPad-ClearanceObj_Poly:0;ClearanceObj_SMDPad-ClearanceObj_Region:0;ClearanceObj_SMDPad-ClearanceObj_Text:0;ClearanceObj_SMDPad-ClearanceObj_Hole:0;ClearanceObj_THPad-ClearanceObj_THPad:0;ClearanceObj_THPad-ClearanceObj_Via:0;ClearanceObj_THPad-ClearanceObj_Fill:0;ClearanceObj_THPad-ClearanceObj_Poly:0;ClearanceObj_THPad-ClearanceObj_Region:0;ClearanceObj_THPad-ClearanceObj_Text:0;ClearanceObj_THPad-ClearanceObj_Hole:0|DOC=ProyectoIntegrador.PcbDoc" LayerType="2" LayerId="0" />
              <CCMConstraint Id="9633ccf8-7d05-4f0d-87e5-87ab37377dc8" Kind="0" Name="ClearanceClearance_2_1" Comment="" Description="Clearance Constraint [Generic clearance = 8mil, and 19 value(s) for objects]" Scope1="All" Scope2="All" Attributes="NETSCOPE=DifferentNets|LAYERKIND=SameLayer|GAP=8mil|GENERICCLEARANCE=8mil|IGNOREPADTOPADCLEARANCEINFOOTPRINT=FALSE|OBJECTCLEARANCES=ClearanceObj_Arc-ClearanceObj_SMDPad:0;ClearanceObj_Arc-ClearanceObj_THPad:0;ClearanceObj_Track-ClearanceObj_SMDPad:0;ClearanceObj_Track-ClearanceObj_THPad:0;ClearanceObj_SMDPad-ClearanceObj_SMDPad:0;ClearanceObj_SMDPad-ClearanceObj_THPad:0;ClearanceObj_SMDPad-ClearanceObj_Via:0;ClearanceObj_SMDPad-ClearanceObj_Fill:0;ClearanceObj_SMDPad-ClearanceObj_Poly:0;ClearanceObj_SMDPad-ClearanceObj_Region:0;ClearanceObj_SMDPad-ClearanceObj_Text:0;ClearanceObj_SMDPad-ClearanceObj_Hole:0;ClearanceObj_THPad-ClearanceObj_THPad:0;ClearanceObj_THPad-ClearanceObj_Via:0;ClearanceObj_THPad-ClearanceObj_Fill:0;ClearanceObj_THPad-ClearanceObj_Poly:0;ClearanceObj_THPad-ClearanceObj_Region:0;ClearanceObj_THPad-ClearanceObj_Text:0;ClearanceObj_THPad-ClearanceObj_Hole:0|DOC=ProyectoIntegrador.PcbDoc" LayerType="1" LayerId="0" />
            </CCMConstraints>
          </CCMToScope>
        </CCMToScopes>
      </CCMFromScope>
    </CCMFromScopes>
  </ConstraintClearancesMatrix>
  <ConstraintSameNetClearancesMatrix>
    <CCMFromScopes />
  </ConstraintSameNetClearancesMatrix>
  <CSets />
  <CClearancesMatrixSets />
  <CCMCreepageConstraints />
  <CImportedDirectiveUniqueIds />
  <OtherConstraints />
  <NetGroups />
  <XNetDiffPairs />
  <Settings UnitSystem="Imperial" />
  <FileVersion MinorVersion="6">
    <FileVersionInfo />
  </FileVersion>
</ConstraintsData>